annotation_id,image_id,category_id,bbox_x,bbox_y,bbox_w,bbox_h,score
1,1500,27925,592.1322631835938,513.2557373046875,267.40814208984375,372.1412353515625,0.9860810041427612
2,1500,16550,553.3512573242188,51.13035583496094,395.91094970703125,314.90728759765625,0.9837957620620728
3,1500,24849,171.15988159179688,567.4475708007812,181.61083984375,223.06640625,0.9751595258712769
4,1500,1899,156.59088134765625,190.6074676513672,205.44970703125,98.15299987792969,0.9705970287322998
